{
  "mexicanhat_ring20": {
    "graph": "Ring_20",
    "Nf": 4,
    "lmax": 4.039421035030063,
    "eigenvalues": [
      0.0,
      0.09788696740969494,
      0.09788696740969582,
      0.381966011250106,
      0.3819660112501073,
      0.8244294954150524,
      0.8244294954150564,
      1.3819660112501069,
      1.3819660112501069,
      2.0,
      2.000000000000001,
      2.618033988749895,
      2.6180339887498953,
      3.1755705045849463,
      3.1755705045849463,
      3.6180339887498945,
      3.6180339887498962,
      3.902113032590307,
      3.9021130325903077,
      4.0
    ],
    "n_bands": 4,
    "scales": [
      9.902409195059883,
      1.5657083689691904,
      0.24756022987649703
    ],
    "kernel_evals": [
      [
        0.4414553294057308,
        0.05115192834886128,
        0.051151928348857234,
        4.2796131097567187e-218,
        4.279613109726067e-218,
        0.0,
        0.0,
        0.0,
        0.0,
        0.0,
        0.0,
        0.0,
        0.0,
        0.0,
        0.0,
        0.0,
        0.0,
        0.0,
        0.0,
        0.0
      ],
      [
        0.0,
        0.36770268618012125,
        0.3677026861801213,
        0.08611864749039896,
        0.08611864749039813,
        0.0023247941347132066,
        0.002324794134713127,
        1.5595818487157356e-05,
        1.5595818487157356e-05,
        4.961894457865496e-08,
        4.961894457865463e-08,
        1.4279056887658428e-10,
        1.427905688765838e-10,
        6.931477736204321e-13,
        6.931477736204321e-13,
        9.87723109088752e-15,
        9.877231090887383e-15,
        6.393857756787811e-16,
        6.393857756787722e-16,
        2.4863036990310357e-16
      ],
      [
        0.0,
        0.13148454663773956,
        0.13148454663774056,
        0.3288568671680045,
        0.32885686716800494,
        0.35503409223632004,
        0.35503409223631954,
        0.2485999590138415,
        0.2485999590138415,
        0.13670482988608676,
        0.13670482988608665,
        0.06799536602645401,
        0.06799536602645394,
        0.034451881794551706,
        0.034451881794551706,
        0.01963352017254287,
        0.019633520172542825,
        0.013572433814546023,
        0.013572433814546004,
        0.011935945981107329
      ],
      [
        0.0,
        0.02365274380953625,
        0.02365274380953646,
        0.08602781393123145,
        0.08602781393123171,
        0.16641660240365258,
        0.16641660240365325,
        0.24299508411838236,
        0.24299508411838236,
        0.30177467398036434,
        0.3017746739803644,
        0.33898520368444335,
        0.3389852036844434,
        0.3581658846490855,
        0.3581658846490855,
        0.36573292750303693,
        0.365732927503037,
        0.3676620286336938,
        0.3676620286336938,
        0.36786180842289257
      ]
    ],
    "note": "PyGSP MexicanHat bandpass: scale*x*exp(-scale*x). Lowpass: 1.2*exp(-1)*exp(-(x/0.4/lmin)^4).",
    "signal": [
      0.4967141530112327,
      -0.13826430117118466,
      0.6476885381006925,
      1.5230298564080254,
      -0.23415337472333597,
      -0.23413695694918055,
      1.5792128155073915,
      0.7674347291529088,
      -0.4694743859349521,
      0.5425600435859647,
      -0.46341769281246226,
      -0.46572975357025687,
      0.24196227156603412,
      -1.913280244657798,
      -1.7249178325130328,
      -0.5622875292409727,
      -1.0128311203344238,
      0.3142473325952739,
      -0.9080240755212109,
      -1.4123037013352915
    ],
    "filtered_output_per_band": [
      [
        -0.07152882407455632,
        -0.0581827910620423,
        -0.04654369843869567,
        -0.037750861684816596,
        -0.032664984925170185,
        -0.031783909212377295,
        -0.03519388037602244,
        -0.042561106679941514,
        -0.053164432683023025,
        -0.06596593095836935,
        -0.0797125016615062,
        -0.09305853467401996,
        -0.10469762729736659,
        -0.11349046405124635,
        -0.1185763408108933,
        -0.11945741652368577,
        -0.11604744536004062,
        -0.10868021905612103,
        -0.09807689305303895,
        -0.08527539477769269
      ],
      [
        0.0323687871458255,
        0.12503925734208723,
        0.20553155224096684,
        0.26664362851599493,
        0.30292164624768414,
        0.31101949697524667,
        0.289844499156315,
        0.24063407492069155,
        0.16708316950250257,
        0.07546655535639714,
        -0.025486794450530273,
        -0.12524673973446127,
        -0.21276192778097167,
        -0.27814863689670294,
        -0.31430243787147244,
        -0.3179128241218694,
        -0.2896116778097545,
        -0.2333767045944058,
        -0.15558681638055594,
        -0.06411810776296892
      ],
      [
        -0.056193676678954266,
        0.09424374471371649,
        0.2141459598825063,
        0.17648700804690673,
        -0.029769144181585293,
        -0.02720081876427425,
        0.16793242669007227,
        0.16101252658866516,
        0.028838054970654028,
        0.009738000916632752,
        0.022944930619081517,
        0.05582681923614695,
        -0.017181749216962416,
        -0.25329181302642434,
        -0.2982617347772628,
        -0.10720406017529692,
        0.06609819667017794,
        0.08986206419642487,
        -0.10015693449686791,
        -0.19786980121335085
      ],
      [
        0.25819846972494376,
        -0.13312236072781025,
        0.03444604110902377,
        0.33749432136671753,
        -0.23849170255828173,
        -0.2436599115591689,
        0.3501379845907301,
        0.08256181752733024,
        -0.2596595750722884,
        0.19886145737958225,
        -0.10829780847586132,
        -0.04493706018065018,
        0.3332373536333429,
        -0.29958776770165374,
        -0.1784714975594356,
        0.15430859871937566,
        -0.134321739629077,
        0.3092285936030198,
        -0.10616477610132298,
        -0.31176043808851517
      ]
    ]
  },
  "meyer_path16": {
    "graph": "Path_16",
    "Nf": 3,
    "lmax": 4.001177657189532,
    "eigenvalues": [
      0.0,
      0.03842943919353896,
      0.15224093497742652,
      0.3370607753949096,
      0.5857864376269044,
      0.8888595339607961,
      1.2346331352698199,
      1.609819355967744,
      2.0,
      2.3901806440322564,
      2.76536686473018,
      3.1111404660392066,
      3.414213562373095,
      3.662939224605088,
      3.8477590650225717,
      3.96157056080646
    ],
    "n_bands": 3,
    "scales": [
      0.6664704482379221,
      0.33323522411896106
    ],
    "kernel_evals": [
      [
        1.0,
        1.0,
        1.0,
        1.0,
        1.0,
        1.0,
        0.9960019592069214,
        0.4142636588171882,
        6.599670979921738e-12,
        0.0,
        0.0,
        0.0,
        0.0,
        0.0,
        0.0,
        0.0
      ],
      [
        0.0,
        0.0,
        0.0,
        0.0,
        0.0,
        0.0,
        0.0893313900931474,
        0.9101569210764682,
        1.0,
        0.9988589160365606,
        0.920055355856749,
        0.5632465356454731,
        0.18373118935055258,
        0.029133397180909067,
        0.00157330601171957,
        8.051229472868299e-06
      ],
      [
        0.0,
        0.0,
        0.0,
        0.0,
        0.0,
        0.0,
        0.0,
        0.0,
        0.0,
        0.04775841134572065,
        0.3917883895157065,
        0.8262888962604864,
        0.9829765256911436,
        0.9995755324980196,
        0.9999987623533309,
        0.9999999999675888
      ]
    ],