{
  "heat_ring12": {
    "graph": "Ring_12",
    "scale": 0.5,
    "lmax": 4.039999999999999,
    "eigenvalues": [
      0.0,
      0.2679491924311222,
      0.2679491924311277,
      0.9999999999999976,
      1.0000000000000022,
      1.9999999999999984,
      2.000000000000002,
      2.999999999999997,
      3.000000000000001,
      3.7320508075688705,
      3.7320508075688776,
      3.9999999999999956
    ],
    "kernel_at_eigenvalues": [
      1.0,
      0.967381803209808,
      0.9673818032098075,
      0.8835897778661691,
      0.8835897778661685,
      0.7807308955495857,
      0.7807308955495854,
      0.6898458385719136,
      0.6898458385719133,
      0.630093236448298,
      0.6300932364482974,
      0.6095407312656582
    ],
    "signal": [
      0.4967141530112327,
      -0.13826430117118466,
      0.6476885381006925,
      1.5230298564080254,
      -0.23415337472333597,
      -0.23413695694918055,
      1.5792128155073915,
      0.7674347291529088,
      -0.4694743859349521,
      0.5425600435859647,
      -0.46341769281246226,
      -0.46572975357025687
    ],
    "filtered_output": [
      0.3365673986875347,
      0.008004152601874861,
      0.6496895073828878,
      1.2459023318966531,
      -0.04658661463029131,
      -0.040831610655061905,
      1.300107452495902,
      0.718113691060135,
      -0.23808389487566253,
      0.34159807290496025,
      -0.3595500467174977,
      -0.36346676954659574
    ],
    "note": "PyGSP kernel: exp(-scale * lambda / lmax). rgsp uses exp(-t * lambda), so t = scale / lmax."
  },
  "heat_grid2d_4_4": {
    "graph": "Grid2d_4_4",
    "scale": 1.0,
    "lmax": 6.89671139599365,
    "eigenvalues": [
      0.0,
      0.5857864376269046,
      0.5857864376269051,
      1.1715728752538088,
      1.9999999999999978,
      2.0000000000000004,
      2.5857864376269024,
      2.585786437626907,
      3.414213562373094,
      3.4142135623730963,
      3.9999999999999973,
      4.0,
      4.000000000000002,
      5.414213562373095,
      5.4142135623730985,
      6.828427124746195
    ],
    "kernel_at_eigenvalues": [
      1.0,
      0.9185700909931963,
      0.9185700909931962,
      0.843771012067249,
      0.7482685914715084,
      0.7482685914715081,
      0.6873371481553343,
      0.6873371481553339,
      0.609540731265658,
      0.6095407312656578,
      0.559905884982755,
      0.5599058849827547,
      0.5599058849827546,
      0.45610018442866695,
      0.4561001844286667,
      0.3715399030718727
    ],
    "signal": [
      0.4967141530112327,
      -0.13826430117118466,
      0.6476885381006925,
      1.5230298564080254,
      -0.23415337472333597,
      -0.23413695694918055,
      1.5792128155073915,
      0.7674347291529088,
      -0.4694743859349521,
      0.5425600435859647,
      -0.46341769281246226,
      -0.46572975357025687,
      0.24196227156603412,
      -1.913280244657798,
      -1.7249178325130328,
      -0.5622875292409727
    ],
    "filtered_output": [
      0.3416010553438078,
      0.03047600060445379,
      0.72510641456988,
      1.3247026952722938,
      -0.1560259600919146,
      0.0035882515523942707,
      0.9967375556409357,
      0.7622205600783859,
      -0.29166831211124056,
      0.039026717750355815,
      -0.3126292682105945,
      -0.32753283874970934,
      -0.06737067856731035,
      -1.3868146832200037,
      -1.422191281030236,
      -0.6662858930724229
    ]
  },
  "_meta": {
    "pygsp_version": "0.6.1",
    "numpy_version": "1.26.4",
    "schema_version": 1,
    "generator": "generate_golden_values.py"
  }
}