{
  "graph": "Ring_20",
  "Nf": 3,
  "lmax": 4.0399999999746585,
  "eigenvalues": [
    0.0,
    0.09788696740969494,
    0.09788696740969582,
    0.381966011250106,
    0.3819660112501073,
    0.8244294954150524,
    0.8244294954150564,
    1.3819660112501069,
    1.3819660112501069,
    2.0,
    2.000000000000001,
    2.618033988749895,
    2.6180339887498953,
    3.1755705045849463,
    3.1755705045849463,
    3.6180339887498945,
    3.6180339887498962,
    3.902113032590307,
    3.9021130325903077,
    4.0
  ],
  "signal": [
    0.4967141530112327,
    -0.13826430117118466,
    0.6476885381006925,
    1.5230298564080254,
    -0.23415337472333597,
    -0.23413695694918055,
    1.5792128155073915,
    0.7674347291529088,
    -0.4694743859349521,
    0.5425600435859647,
    -0.46341769281246226,
    -0.46572975357025687,
    0.24196227156603412,
    -1.913280244657798,
    -1.7249178325130328,
    -0.5622875292409727,
    -1.0128311203344238,
    0.3142473325952739,
    -0.9080240755212109,
    -1.4123037013352915
  ],
  "n_bands": 3,
  "band_outputs": [
    [
      -0.07152882407174957,
      -0.0581827910500809,
      -0.046543698418750515,
      -0.03775086165884005,
      -0.032664984895705,
      -0.03178390918230774,
      -0.03519388034829192,
      -0.04256110665726451,
      -0.053164432667619305,
      -0.06596593095174674,
      -0.07971250166431297,
      -0.09305853468598137,
      -0.10469762731731176,
      -0.11349046407722292,
      -0.11857634084035848,
      -0.11945741655375534,
      -0.11604744538777113,
      -0.10868021907879803,
      -0.09807689306844267,
      -0.08527539478431531
    ],
    [
      0.0323687871462568,
      0.12503925734173182,
      0.2055315522398803,
      0.2666436285143422,
      0.3029216462457806,
      0.31101949697355974,
      0.2898444991553385,
      0.24063407492072023,
      0.1670831695034408,
      0.07546655535774867,
      -0.02548679444944191,
      -0.12524673973414188,
      -0.21276192778147576,
      -0.2781486368976015,
      -0.3143024378721021,
      -0.31791282412171357,
      -0.28961167780871633,
      -0.23337670459281662,
      -0.15558681637895153,
      -0.06411810776181989
    ],
    [
      0.25819846972333094,
      -0.13312236072822556,
      0.03444604110361175,
      0.3374943213571712,
      -0.23849170255054347,
      -0.24365991155157393,
      0.3501379845798292,
      0.08256181752222837,
      -0.2596595750673959,
      0.19886145737883892,
      -0.10829780847454094,
      -0.04493706018327632,
      0.33323735362673584,
      -0.2995877676926601,
      -0.17847149754939834,
      0.15430859871933633,
      -0.1343217396328116,
      0.30922859359532784,
      -0.10616477609700528,
      -0.3117604380789783
    ]
  ],
  "input_energy": 18.09830077248428,
  "band_energies": [
    0.1337537342363847,
    0.9995290374893904,
    1.0444485616329957
  ],
  "frame_bounds": {
    "A": 0.012604506856519967,
    "B": 0.24397447458372853
  },
  "scales": [
    9.900990099072008,
    0.2475247524768002
  ],
  "note": "SGWT forward: filter bank applied to signal. Energy should satisfy A*||x||^2 <= sum(||W_i x||^2) <= B*||x||^2.",
  "_meta": {
    "pygsp_version": "0.6.1",
    "numpy_version": "1.26.4",
    "schema_version": 1,
    "generator": "generate_golden_values.py"
  }
}