{
  "Ring_10": {
    "n": 10,
    "eigenvalues": [
      0.0,
      0.3819660112501042,
      0.3819660112501091,
      1.381966011250105,
      1.38196601125011,
      2.618033988749896,
      2.618033988749896,
      3.618033988749895,
      3.6180339887498967,
      3.9999999999999996
    ],
    "lmax": 4.04,
    "lmax_exact": 3.9999999999999996
  },
  "Path_8": {
    "n": 8,
    "eigenvalues": [
      0.0,
      0.1522409349774262,
      0.5857864376269052,
      1.2346331352698194,
      2.0000000000000004,
      2.7653668647301775,
      3.4142135623730905,
      3.84775906502257
    ],
    "lmax": 3.886236655672799,
    "lmax_exact": 3.84775906502257
  },
  "Grid2d_3_4": {
    "n": 12,
    "eigenvalues": [
      0.0,
      0.585786437626906,
      1.0000000000000007,
      1.5857864376269066,
      2.0000000000000004,
      2.9999999999999982,
      3.0,
      3.4142135623731,
      3.585786437626908,
      4.414213562373093,
      4.999999999999995,
      6.414213562373089
    ],
    "lmax": 6.478355694396232,
    "lmax_exact": 6.414213562373089
  },
  "FullConnected_6": {
    "n": 6,
    "eigenvalues": [
      0.0,
      6.0,
      6.0,
      6.0,
      6.000000000000001,
      6.0000000000000036
    ],
    "lmax": 6.060000000000001,
    "lmax_exact": 6.0000000000000036
  },
  "Torus_4_5": {
    "n": 20,
    "eigenvalues": [
      0.0,
      1.3819660112501035,
      1.3819660112501055,
      1.999999999999996,
      1.9999999999999978,
      3.381966011250104,
      3.381966011250106,
      3.3819660112501078,
      3.3819660112501126,
      3.6180339887498905,
      3.618033988749891,
      3.999999999999998,
      5.3819660112501,
      5.381966011250103,
      5.618033988749892,
      5.618033988749894,
      5.6180339887498985,
      5.618033988749901,
      7.6180339887498905,
      7.618033988749898
    ],
    "lmax": 7.6942143286373925,
    "lmax_exact": 7.618033988749898
  },
  "_meta": {
    "pygsp_version": "0.6.1",
    "numpy_version": "1.26.4",
    "schema_version": 1,
    "generator": "generate_golden_values.py"
  }
}